{
  "Model": "Own with batch GD",
  "MSE": 0.009867885005689797,
  "R-Squared": 0.9999992889816938
}